AFFX-MurIL2_at,AFFX-MurIL10_at,AFFX-MurIL4_at,AFFX-MurFAS_at,AFFX-hum_alu_at,AFFX-DapX-5_at,AFFX-DapX-M_at,AFFX-DapX-3_at,AFFX-LysX-5_at,AFFX-LysX-M_at,AFFX-LysX-3_at,AFFX-PheX-5_at,AFFX-PheX-M_at,AFFX-PheX-3_at,AFFX-ThrX-5_at,AFFX-ThrX-M_at,AFFX-ThrX-3_at,AFFX-TrpnX-5_at,AFFX-TrpnX-M_at,AFFX-TrpnX-3_at,AFFX-HUMISGF3A/M97935_5_at,AFFX-HUMISGF3A/M97935_MA_at,AFFX-HUMISGF3A/M97935_MB_at,AFFX-HUMISGF3A/M97935_3_at,AFFX-HUMRGE/M10098_5_at,AFFX-HUMRGE/M10098_M_at,AFFX-HUMRGE/M10098_3_at,AFFX-HUMGAPDH/M33197_5_at,AFFX-HUMGAPDH/M33197_M_at,AFFX-HUMGAPDH/M33197_3_at,AFFX-HSAC07/X00351_5_at,AFFX-HSAC07/X00351_M_at,AFFX-HSAC07/X00351_3_at,AFFX-HUMTFRR/M11507_5_at,AFFX-HUMTFRR/M11507_M_at,AFFX-HUMTFRR/M11507_3_at,AFFX-M27830_5_at,AFFX-M27830_M_at,AFFX-M27830_3_at,AFFX-HSAC07/X00351_3_st,AFFX-HUMGAPDH/M33197_5_st,AFFX-HUMGAPDH/M33197_M_st,AFFX-HUMGAPDH/M33197_3_st,AFFX-HSAC07/X00351_5_st,AFFX-HSAC07/X00351_M_st,AFFX-YEL002c/WBP1_at,AFFX-YEL018w/_at,AFFX-YEL024w/RIP1_at,AFFX-YEL021w/URA3_at,31307_at,31308_at,31309_r_at,31310_at,31311_at,31312_at,31313_at,31314_at,31315_at,31316_at,31317_r_at,31318_at,31319_at,31320_at,31321_at,31322_at,31323_r_at,31324_at,31325_at,31326_at,31327_at,31328_at,31329_at,31330_at,31331_at,31332_at,31333_at,31334_at,31335_at,31336_at,31337_at,31338_at,31339_at,31340_at,31341_at,31342_at,31343_at,31344_at,31345_at,31346_at,31347_at,31348_at,31349_at,31350_at,31351_at,31352_at,31353_f_at,31354_r_at,31355_at,31356_at,31357_at,Class
-161.8,34.8,-34.4,179.1,4796.7,12,19.3,-51.6,21.4,-135.8,115.6,-90.9,-140.3,97.8,48.3,32.1,-294.8,63.4,-124.7,25.7,705.9,1941.4,2190.1,5824.6,88.8,47.8,-217.3,24768.1,15750.1,20484.1,19274,23879.3,18871.7,364.6,296.5,624.7,7070.9,5854.2,-33.4,4218.9,87.3,350.1,480.5,-194.8,158,-2.2,-11.7,342.1,393.4,-135.7,-100.1,-94.6,-230,0.6,-50.4,-36.3,139.5,31.6,-32.2,1825.2,54.9,-197,-86.6,264.6,37.4,-317.3,478.8,-27.7,-433.5,-14.8,108.8,-11.7,23270.1,75.9,66.9,31.5,-52.9,-119.2,-15.9,-877.8,161.1,-195.4,44,-232,450.4,-70.7,292.1,-0.9,-289.7,-314.8,-93.4,-33.1,267.1,-552.4,120.6,735.3,-808.1,40.4,614.4,-182,0
-231,-102,-31,61,8931,-33,164,-6,-34,-215,159,-71,-70,177,-52,41,-272,95,-110,24,176,1148,1836,5642,-61,-395,-603,24668,16443,17240,16906,17710,16934,216,94,719,317,2827,206,3933,4,72,235,-235,325,93,-64,207,420,-80,-23,-6,-145,491,290,-235,41,4602,-37,3446,-53,-106,-167,438,154,-431,148,-354,-179,-108,107,-30,18296,3,50,73,-276,-56,47,-467,47,-226,150,192,517,-5,1,18,-17,-1613,-202,-174,56,-368,135,461,-765,-303,384,-15,0
-279,91,-30,148,13966,23,287,-114,90,-52,-3,-86,21,-3,143,24,-309,10,-115,-39,-5,46,263,726,407,231,348,21200,20660,25875,5658,8134,20759,357,313,497,32218,10367,668,4082,-299,327,295,-80,36,-10,-6,296,245,-91,-130,-27,-51,236,-163,-304,-35,498,-56,1997,-35,-103,-142,213,28,-58,153,-363,-585,-16,236,16,39059,-74,-27,66,-40,-164,-16,-595,51,-105,9,-387,286,-30,230,31,-264,92,-136,-152,151,-466,83,1047,-1064,-196,660,-156,0
-20,115,-10,29,12994,29,304,-73,-27,-126,181,-136,52,183,39,-13,-502,145,-6,27,26,-154,435,2648,-166,-394,-326,1121,8432,22975,2136,17482,18895,104,-186,7,39,1523,440,2566,-223,235,586,-136,-212,-7,-127,472,248,-144,-124,-26,-139,-88,34,-411,118,-239,-104,2531,-74,-20,-65,346,-105,-401,-126,-57,-424,-17,-31,-62,25139,-48,-212,-101,-75,-342,-6,-496,-20,-91,79,-579,-12,-70,-119,-98,-14,-313,-111,-327,-240,-546,22,-425,-229,-90,231,-104,0
-268,128,80,337,10895,246,204,-311,0,-286,146,-96,-188,195,-1,17,-408,73,-225,17,841,3433,4261,8041,-79,-527,-657,33174,21884,25933,25594,28208,28817,392,141,656,204,1110,468,1509,84,215,328,-187,690,60,-154,138,202,-89,-25,-64,-112,452,183,107,233,38,-35,3644,-33,39,-553,476,193,-239,444,-575,-680,-15,5,41,31333,5,1,26,-79,-35,10,-604,0,-410,115,-414,692,-67,330,57,-623,-492,-338,-270,272,-240,233,1080,-1597,3,654,-151,0
-370,10,22,153,15493,119,338,-6,77,-390,84,-117,-50,191,122,-4,-473,113,-73,-84,64,231,714,1920,-55,-351,-341,14293,17768,24092,18453,24439,21392,233,-95,343,309,211,1091,3614,-107,468,424,-255,152,0,4,206,578,-70,-26,32,-74,310,70,-318,77,1038,-81,1639,33,54,-280,726,42,67,93,-390,-845,-40,34,22,24447,-68,-26,-17,0,353,24,-1142,2,-176,-37,69,371,-31,426,12,-200,-107,-143,-296,315,-375,215,518,-1462,-35,686,-108,0
-50,30,35,14,11677,16,236,-32,65,-123,34,-69,10,233,40,0,-313,98,-273,-16,38,460,767,2572,96,-240,-538,14702,17858,24548,20029,27110,25956,143,174,504,64,1013,806,3291,-30,378,362,-152,192,-49,-104,181,411,-91,-26,-53,-114,82,34,-193,93,-67,-21,1682,16,-27,-234,343,81,-318,341,-241,-317,-59,88,1,28801,69,42,32,-67,-154,48,-232,28,-194,103,-71,332,18,257,36,-663,-206,-112,-225,-335,-401,159,393,-800,-124,658,-96,0
-455,-91,12,76,13701,37,164,-105,-12,-258,66,-89,-152,282,7,-22,-442,121,-380,-63,-123,493,708,2546,647,-599,-236,11940,17853,23240,16325,23773,24879,384,502,3239,129,1785,1407,4285,34,220,516,-328,441,19,-244,343,696,-141,-46,10,-46,653,100,-251,158,591,-79,2733,35,27,-314,848,121,218,390,-231,-341,-27,52,-11,27899,37,90,-30,229,-188,34,-644,39,-273,0,-69,433,1,150,38,-116,-1173,-241,-367,-187,-330,161,822,-813,1,438,-174,0
-105,12,18,81,21914,156,296,-10,50,-274,152,-156,-188,286,3,-33,-302,24,-261,-63,4,263,485,1596,-159,-264,-189,1749,11634,30990,5996,24964,30818,99,-50,232,62,1792,784,5994,27,233,607,-217,184,-96,-189,280,640,-136,99,-35,-139,-109,-39,-137,73,43,-70,1901,-58,20,-700,585,73,76,203,-312,-56,-23,98,6,32069,-51,18,-34,-19,-126,5,-1024,-3,-161,81,-305,292,-87,99,37,-269,-2000,-263,-489,88,-77,187,723,-998,-145,411,-115,0
-377,270,52,195,13842,138,245,5,-29,-190,277,-156,-493,-15,246,-70,-806,-1,-385,36,-7,331,903,2528,-365,-409,-533,5184,15516,18722,7456,24002,23414,171,14,831,250,1085,781,5017,1,708,722,-185,93,-66,-192,249,489,-374,40,-12,-54,335,-460,-212,319,-56,-101,2942,-51,28,-734,1048,-12,-101,275,-421,-524,-118,15,-8,23132,92,-57,84,-11,-84,-59,-903,-34,-235,104,1050,225,137,44,3,-372,-1821,-791,-687,168,-193,103,630,-1218,-155,951,-290,0
-479,187,41,191,3998,138,305,-69,60,-405,88,-191,-57,168,-4,133,-498,184,-316,-6,63,257,803,2607,-126,-458,-199,6158,15209,19865,12052,23155,19055,211,-74,492,241,1310,547,3659,-482,896,687,-350,137,-41,18,284,731,-195,-149,26,-120,329,136,-96,179,-17,-17,2630,6,-402,-321,563,46,-588,261,-575,-610,-81,209,-43,24612,-53,31,73,63,-9,-73,-585,44,-385,-107,-193,496,-35,148,-60,-339,-398,-150,-471,697,-453,254,1709,-1126,-142,1408,-166,0
-182,44,75,311,16362,18,283,-83,-4,-14,79,-95,9,188,-10,-28,-319,-40,-249,-14,0,176,1548,4253,170,-236,-530,975,5604,25991,1931,14179,24739,195,87,149,130,1549,384,5537,23,160,698,-176,-134,82,-6,241,348,-84,-124,-44,-101,194,82,-218,-53,94,-21,2086,-23,13,75,477,78,-575,147,-341,-382,-82,28,26,28972,-47,8,26,-13,-97,-60,-864,44,-244,-24,-647,238,-96,142,82,59,-1157,-268,-411,13,-318,53,642,-322,-103,414,-141,0
-46,104,45,313,14914,190,467,-94,12,-440,9,-182,-139,81,-139,39,-529,152,-80,-112,853,3670,4810,9919,116,-702,-869,28825,19908,28931,25048,28949,27227,430,134,632,503,1216,-67,4617,32,273,197,-549,259,53,-90,283,972,-103,-101,-37,-113,798,-368,-236,67,5787,-28,3375,-19,310,-307,634,210,44,402,-276,-685,-134,47,-14,34001,-88,-38,60,-67,-160,-30,-1606,41,-346,18,29,515,-58,-207,26,-34,-845,-502,-378,1043,-617,117,497,-914,-55,723,-460,0
-224,24,17,189,12325,98,402,-91,8,-178,279,-205,-105,346,-58,-51,-654,67,-150,-37,-20,349,339,2216,-117,-335,-528,8006,15464,20125,13700,20503,17118,198,17,115,105,1857,1399,4763,-250,437,683,-195,842,-31,-181,492,648,-110,-47,-79,-83,217,165,-529,502,866,6,2539,20,-120,428,403,128,-638,514,-534,349,10,349,-68,25164,121,58,4,59,-476,-1,-1074,10,-253,-58,607,264,-29,256,90,-1209,-1538,-436,-1036,47,-635,228,761,-815,149,754,-189,0
66,0,39,181,17368,132,145,-6,55,85,233,-30,40,471,164,-18,-407,188,-176,38,-73,554,768,2585,-152,-1036,-956,29251,20455,25889,20956,23410,24336,66,-207,206,-166,436,-147,2668,-237,316,436,-285,373,-16,-57,253,643,75,-359,26,-545,171,-710,-812,-640,5,-183,3883,-108,26,-252,108,-126,-261,202,-174,84,-156,-67,-66,30078,-184,-371,-544,-32,-296,-110,65,-1,-283,-40,-1112,-30,-139,-496,-223,-498,88,-375,-387,-683,-561,-138,611,-779,-302,180,-201,0
-305,-146,50,13,17219,-37,235,-59,24,27,188,-126,-22,119,66,-41,-207,14,-157,-85,-57,146,1487,6045,-119,-506,-204,830,6210,25526,971,16404,23358,94,-87,-18,-191,854,635,10605,-280,573,1457,-92,121,40,-117,167,500,-97,-151,-10,-61,55,-89,-609,74,-388,-80,2019,-42,-59,-435,143,75,-153,-7,-143,68,-26,232,-11,25990,-47,-124,-39,3,-71,13,-296,5,-401,29,-142,45,-49,79,-11,-96,-140,-351,-240,-270,-641,-28,534,-426,17,431,-137,0
-350,-169,29,91,12939,-61,260,-241,14,1,147,-108,-76,139,-33,75,-540,-1,-474,-128,139,642,932,2490,-126,-738,-603,28439,18493,19685,19280,18301,18573,493,330,1389,330,1273,568,3047,396,529,466,-326,160,-54,-272,301,795,-240,-152,10,-265,307,-67,-771,171,-104,-113,3704,-9,64,13,566,-15,58,54,-379,-930,-85,28,-123,19677,-70,-119,57,25,-524,26,-696,78,-140,-27,-584,280,-3,224,59,-392,156,-578,-408,-173,-952,113,1058,-1566,-126,835,-264,0
-211,42,25,48,17572,22,260,2,-28,-165,72,-154,-42,-6,-14,0,-309,77,-127,-20,15,83,560,3329,91,-261,-111,927,6993,22445,1575,17339,21511,122,-16,85,125,2173,706,3496,-28,336,860,-61,172,64,-150,274,339,-129,-46,-2,-41,18,-42,-229,63,-103,0,1789,-54,-77,-254,409,61,-169,111,50,-393,-32,214,-68,26982,106,51,-27,-49,-3,9,-261,-73,-27,84,-498,278,-95,180,56,-293,-141,-560,-222,272,-238,150,826,-847,-118,272,-48,0
-409,52,50,144,12989,77,279,-28,-34,-324,201,-98,-26,259,-37,-14,-360,37,-341,-13,25,1589,4850,11273,-29,-568,-169,4903,14546,23433,9185,24289,24370,198,81,773,107,1331,1219,4618,-116,602,772,-116,226,38,-217,171,936,-155,24,-51,-221,310,97,-243,214,-96,-59,2483,-71,-64,-375,635,65,-325,198,-243,-369,-81,93,5,28684,187,11,38,-75,-221,26,-374,51,-216,38,192,419,-30,175,-19,-204,19,-286,-364,-111,-221,219,1112,-737,-15,604,-89,0
-170,-98,-48,445,11605,77,430,-111,106,-40,315,-76,-128,226,-83,-28,-493,4,-329,3,940,3278,3507,9043,-94,-591,-270,29830,17989,25783,24318,27545,27127,444,-43,650,209,1649,1511,3326,468,541,449,102,401,71,-244,210,780,-193,25,-15,233,319,0,1,259,1397,7,3763,41,396,-640,700,-93,108,657,-550,-1156,-134,178,66,27401,-83,49,146,-61,-102,27,-401,35,-157,-4,-436,1132,-31,91,10,-999,-1674,-177,-365,818,-278,178,1317,-976,-13,790,-235,0
-76,54,4,68,6006,9,179,-61,80,-239,143,-10,-117,56,12,-33,-266,123,-240,5,21,18,346,1382,344,339,230,30301,21339,23475,24325,27107,24772,264,23,139,2683,4864,-12,4255,9,453,596,-49,525,29,-106,143,413,-66,-57,2,-106,237,-100,-10,290,-36,-72,1678,-41,-17,-344,267,86,220,382,-136,-167,9,25,26,27202,-66,40,89,-17,-51,80,-521,48,-186,72,-191,564,-77,50,-2,-108,-1488,-200,-167,253,-492,33,589,-1018,-446,442,-131,1
47,74,47,88,4552,114,87,-99,5,-47,-20,-43,-50,-31,18,15,-154,7,-166,-60,108,317,449,1598,-82,-55,-288,21944,21328,27227,19029,29878,27240,359,36,311,839,7615,838,1506,60,180,221,-103,51,-21,2,46,240,-79,-28,-65,-125,54,87,-43,202,-27,4,1604,4,-213,-674,275,59,504,132,-37,11,-42,446,41,32127,-54,-38,34,13,107,47,-277,4,-124,50,74,527,-37,238,21,-14,-1143,-130,-18,-391,-92,95,833,-833,130,575,-135,1
-192,42,31,139,6182,71,288,-111,46,-193,257,-158,-72,-17,-97,-69,-395,-37,-373,0,90,517,783,3032,-108,-548,-356,28301,19062,23876,23348,23563,23248,471,56,417,286,1810,633,2330,101,270,598,7,588,-75,-167,74,693,-185,-62,-41,-45,116,259,3,200,247,3,2813,-20,-109,63,401,98,328,680,-385,-463,-7,222,23,25601,-68,45,41,-6,-174,21,209,-10,15,19,-372,1457,0,270,8,-596,-2921,-258,-194,-608,-520,94,1196,-1018,-55,962,-159,1
78,72,-26,147,14052,93,197,5,75,65,69,-89,2,141,-58,-84,-369,142,-248,56,25,602,1043,3797,-53,-594,-670,25482,21336,29908,25484,32822,27725,327,-44,239,63,1683,966,1883,-185,-86,10,-254,24,-3,-13,153,626,-359,-86,-75,-121,325,-317,-408,-338,-151,-89,3030,-44,136,-125,648,17,-384,273,-349,-1398,-49,143,70,31733,-78,-54,-131,36,-171,-22,-602,60,-122,83,-898,421,-37,247,67,-87,-1634,-396,-319,127,-714,116,1248,-1099,-35,847,-301,1
-298,213,-5,68,13216,56,270,-114,-30,-291,60,-72,-37,193,-135,-7,-466,-64,-193,-89,-3,-126,256,727,-120,-390,-232,482,1750,25724,1171,17189,21643,149,12,7,23,3180,1160,1795,-100,194,441,-251,-149,-21,-75,820,493,-139,8,-72,-128,140,-47,-408,-25,-266,-41,1485,-21,-269,569,304,14,-491,-144,-144,-381,-7,176,24,27287,-110,-1,25,-56,-155,-17,-1108,-38,-124,-13,-105,143,-34,105,62,492,-896,-302,-391,-123,-476,32,9,-491,-145,668,-95,1
-82,89,-18,67,13159,53,202,-39,34,-32,93,-99,-108,115,-52,64,-419,88,-181,22,-67,-22,285,1013,17455,11589,3151,28086,23341,30118,19704,30935,30502,259,55,107,13068,16387,1032,3827,-61,214,282,-101,-107,0,45,125,484,-164,16,-34,-29,214,-205,-522,-112,92,-45,1826,-10,123,-213,306,38,360,149,-205,-439,-91,92,-31,37690,-22,-72,-43,11,-162,-25,-334,-13,-258,-49,-391,617,-53,33,44,-59,-1440,-331,-183,427,-565,22,936,-754,-169,391,96,1
18,258,31,135,14220,128,426,-216,-10,-199,37,-84,-123,74,74,-88,-652,133,-324,0,36,373,983,2919,13,-467,-354,29899,24247,32684,29423,35672,31850,382,32,300,484,2573,18,2263,-20,5,191,-417,520,101,-20,141,768,-84,-42,26,-138,428,-300,-140,-209,-137,-93,3200,-4,-193,-457,129,-31,523,372,-392,-1003,-10,167,55,39531,-34,-17,39,-89,-405,-39,-685,21,-629,-27,-698,833,-39,180,-24,-231,-1665,-415,-356,412,-592,98,725,-1390,-38,951,-269,1
-71,89,21,56,18102,76,327,-44,32,-109,195,-84,-96,12,-41,12,-582,-25,-136,15,24,153,287,970,-20,-177,-58,28315,19778,24829,15249,24988,26311,216,-10,224,312,2766,627,6799,-144,366,307,-255,314,11,-131,348,353,-79,53,-75,-75,246,32,142,384,-18,-58,2198,-20,-7,-385,555,60,183,96,-261,-523,11,19,-19,32086,5,53,-6,-69,-22,-4,-916,85,-132,56,42,345,-42,266,6,-837,-1344,-207,-293,360,-393,97,1090,-1016,-98,420,-137,1
-127,104,6,58,28970,68,27,-6,45,-20,114,-21,-42,-69,-105,-43,-202,-32,-186,55,22,-45,82,532,157,-203,425,1529,1724,25630,1307,5536,40214,81,-54,136,33,2625,527,9320,-190,203,522,41,351,0,-174,613,481,-135,100,-10,-77,164,55,151,240,-172,-65,1964,-73,-123,116,257,-23,-165,164,-92,-294,-243,324,-42,31515,-32,30,37,-15,54,60,-234,108,-31,-14,152,255,-34,-101,100,-61,-558,-178,-63,40,-730,59,1165,-153,87,545,-183,1
-496,101,-77,216,7356,251,395,-55,-12,-422,85,-159,-116,101,40,-51,-689,69,-347,-33,3,267,414,2420,-237,-444,-296,27731,17850,19473,19016,21339,17958,302,-81,147,227,3149,759,6334,-310,530,620,-295,4,12,-125,330,786,-232,118,-9,-178,805,-149,-593,402,264,-79,2861,-16,-166,-992,645,124,-2233,659,-651,-457,11,378,4,26313,-89,35,56,-49,-353,-71,-834,-18,-449,-18,-310,754,-137,208,47,-334,-2309,-593,-601,1124,-919,243,1629,-1808,-427,1605,-242,1
-252,-232,-32,-14,28593,0,194,-162,-21,-39,-29,-121,-69,-14,-97,10,-325,-50,-159,-31,-60,106,241,561,1944,1396,1847,33281,24330,30620,12289,16794,27196,235,124,386,10185,14063,744,6016,241,310,318,-238,124,30,-172,115,513,-74,-9,-33,-60,308,37,-149,-8,-88,-63,1089,53,122,-404,388,-15,19,17,-274,-528,-81,106,66,35443,23,30,62,156,-152,-42,-18,-1,-93,42,44,362,-47,313,-28,68,-314,-154,-335,71,-93,11,559,-454,83,206,-25,1
218,110,-23,228,10620,134,462,-25,42,-347,147,-185,-83,127,32,80,-522,38,-232,0,-56,232,489,1390,342,-500,-1027,32874,19625,23696,23601,26633,24405,439,94,194,504,3136,2136,4035,-441,113,421,-114,666,119,-143,291,990,-231,132,-15,96,537,-34,-194,49,-356,-81,3033,-3,-140,-809,951,-72,-66,691,-450,-598,-50,228,-13,31682,21,10,-4,-106,296,15,-1904,25,-464,86,-1060,822,-35,103,13,-215,-1823,-523,-562,743,-684,244,24,-1020,-141,529,-361,1
-271,-27,76,101,15859,133,555,-29,22,-410,215,-124,-69,180,7,12,-496,134,-274,-91,9,112,677,1544,-121,-924,-611,30271,20017,22921,22257,22201,24730,280,96,764,-187,2613,1220,2578,-248,160,352,5,192,51,-930,-65,918,-363,-180,-84,-216,376,-124,-464,176,649,-113,4296,-135,27,-63,447,-186,-655,394,-373,-1159,-29,403,-52,29226,-28,-91,-99,-51,-629,-51,-571,17,-308,6,-584,804,-93,167,1363,-822,-1502,-390,-735,256,-922,47,505,-1303,-38,833,-403,1
-178,218,69,102,22738,86,292,-92,33,-83,19,-167,-155,-129,4,-67,-740,138,-379,-23,12,129,120,2726,-39,-260,-477,636,245,19293,1485,3473,23610,111,20,264,95,1637,1550,11147,-251,57,1404,-272,30,30,-155,440,308,-177,73,-24,-112,97,-103,-214,-61,-478,-62,1968,-35,-377,68,328,92,-303,173,-362,-19,-91,237,5,14282,-112,-33,-24,47,-215,-42,-320,46,-6,1,-1240,111,-24,65,130,84,80,-139,-449,-899,-489,118,625,-543,54,849,-169,1
-189,-108,-1,39,9226,56,562,-99,-36,-456,198,-158,-166,149,45,54,-481,84,-481,-5,124,-252,288,1598,208,-331,-1002,29340,17455,21004,23163,24291,24023,1118,204,1533,3033,9318,269,3140,156,665,409,-55,73,-68,-64,551,955,-261,14,-46,-50,573,148,-531,167,-572,-20,3993,-32,93,-1022,622,39,-764,507,-674,-830,-78,497,72,25124,-67,58,13,-51,-332,49,-628,78,-408,-50,0,811,2,333,84,-248,-1501,-409,-515,726,-848,229,1943,-1525,166,915,-251,1
-353,-126,-14,127,6579,104,559,-103,-15,-111,253,-109,-182,-183,-226,-130,-667,-53,-452,-86,5,60,366,895,-190,-587,-440,33460,21886,27359,23200,27866,27599,600,-61,847,433,1887,1424,2552,-418,118,357,-313,391,-6,44,234,522,-252,-8,-103,272,451,117,-39,183,567,-75,4000,18,36,194,955,-19,-266,715,-78,80,-35,799,89,33094,31,29,76,-50,-281,23,-655,46,-245,59,-403,820,13,-111,-6,-254,-1769,-302,-571,547,-873,229,1054,-1518,-29,834,-265,1
-273,-105,59,157,11206,100,467,-267,19,-394,-36,-202,-142,-84,-238,-136,-663,123,-342,-210,273,1323,1550,4050,-46,-586,-812,32236,19988,22654,20281,19360,22870,657,159,1379,348,580,500,2660,-253,367,421,-394,433,-76,-289,95,900,-278,-33,-93,-135,469,68,-494,-35,-495,-147,4790,-41,107,-108,1134,-8,-1004,901,-608,-1102,-63,276,68,26604,-33,89,153,7,-436,83,-987,7,-269,56,924,679,-24,269,86,-381,-2016,-446,-721,132,-351,388,1748,-2277,43,481,-330,1
-336,-49,4,619,18422,226,161,-376,76,-436,131,-212,-171,-71,-74,-99,-405,-81,-587,94,-31,487,580,807,184,-709,-329,39856,23799,28165,25016,31530,30760,2914,2090,7094,211,913,2445,2583,342,650,473,-374,320,-184,-159,354,1032,-217,-119,19,215,-173,184,-576,-75,2596,-51,5587,-28,358,-614,656,97,-201,908,-287,-313,-57,111,191,35697,-238,197,18,-145,-779,-62,-2310,30,-449,7,-808,752,-77,88,53,-786,-1905,-410,-512,-49,-881,272,1967,-1295,-251,744,-207,2
-288,-106,135,301,25897,26,261,82,14,-286,255,-95,-146,12,26,-4,-462,101,-501,60,144,263,412,775,235,-434,-694,46157,34748,41346,34731,43419,41029,1555,538,2796,295,1166,1302,3593,-18,155,347,40,326,26,78,212,314,-217,114,67,338,17,-26,-46,54,-152,-180,2668,-100,149,-994,372,84,-1253,503,-162,-1066,18,43,60,33602,-80,-5,31,-22,-312,-83,-823,-76,-142,-1,-504,445,-71,-11,-9,-282,-1461,-366,-385,119,-623,-3,1065,-1033,-59,619,-112,2
-195,71,82,367,13051,66,495,-61,7,-592,30,-133,-56,-14,-51,-53,-682,27,-496,-75,259,1107,1427,3688,-73,-425,-595,35590,21846,26861,24878,27059,26263,840,-13,1064,79,1321,1353,3592,69,619,1003,-324,258,-53,-147,279,873,-160,-114,19,-129,753,-30,-80,164,-104,-57,4864,-12,129,-112,935,31,-972,720,-734,-803,-71,236,44,32609,-187,-16,65,-75,-591,-28,-1770,87,-165,-163,-102,821,-80,574,5,-71,-689,-434,-440,219,-911,250,1749,-1559,250,1738,-239,2
16,160,-5,445,30348,137,484,-72,-2,-363,210,-132,-79,2,119,-34,-561,-15,-273,-58,-49,-161,305,1167,-183,-918,-556,42294,26875,34654,28245,34979,33320,470,71,1275,-58,513,1469,1685,-172,140,177,-290,237,-19,-302,304,1042,-213,-190,-81,213,337,-258,-522,-108,587,-99,4138,-96,351,-516,850,-46,-1028,438,-382,-1365,-170,-9,-47,41256,-409,-192,-239,-22,-1553,-124,-1273,77,-322,13,-838,432,-128,-108,-7,-740,-1619,-918,-339,-427,-949,15,497,-1632,-129,761,-378,2
-166,-1,120,307,25025,24,330,-5,59,-256,287,-50,69,-51,-120,-74,-353,-23,-327,-45,113,438,821,1238,-13,-598,-571,28935,24809,32420,31055,40440,37452,627,195,1042,7,1915,1360,2687,-235,128,-36,-181,144,13,-118,137,756,-155,-117,-149,-319,418,-391,-671,-166,-52,-76,3581,-71,92,-383,389,85,-378,445,-504,-617,15,325,3,39936,-122,-10,-166,7,-818,-92,-510,93,-369,25,-862,654,-69,257,43,-536,-89,-512,-328,-404,-424,44,-37,-1074,-30,594,-276,2
36,7,2,217,20771,-5,219,-77,-8,-163,137,-162,-156,-90,-14,-141,-302,-4,-234,-18,917,3724,4465,7798,-377,-469,-373,37585,23776,29114,25807,29739,31037,1730,1179,5733,-359,1843,1212,1659,-25,91,450,-44,660,-6,-66,422,735,-209,-55,-28,-2,344,128,-886,-166,-514,-41,3351,-130,46,-1107,424,58,-570,232,-503,-989,-20,142,6,35659,-240,-132,-77,-90,-431,-96,-1468,135,-284,-90,-1882,655,-99,561,-13,-670,-577,-418,-256,67,-1006,80,773,-1237,-244,573,-305,2
-308,401,101,64,23002,-23,250,-46,1,-322,232,-232,-116,18,-31,-41,-284,-26,-379,-57,81,479,771,1678,-71,-581,-470,35765,23248,27147,22532,24387,25947,815,235,1327,-76,2178,1704,1841,-122,383,421,-210,591,118,-67,62,826,-126,-147,-61,103,533,104,-53,-160,280,-67,3547,-87,283,-947,365,175,-780,245,-398,-1228,-37,269,58,32721,-316,-4,121,14,50,-56,-1325,78,-559,-113,-803,621,-61,337,-43,-112,-2106,-373,-225,-311,-738,291,777,-1051,134,535,-455,2
147,43,-2,202,37354,50,178,-100,-12,-228,144,-140,-169,-85,-52,26,-718,35,-182,-72,23,-57,98,2578,-86,-249,-238,510,-284,34766,700,143,29542,153,-25,119,-57,808,614,8692,276,316,1843,-144,108,-62,-80,100,523,-117,-27,-29,-124,-98,177,-173,70,-113,-10,1190,0,13,-436,728,-42,-745,174,-86,-399,-24,284,-43,9330,-38,-10,79,65,-165,-40,-395,9,-69,-99,-1186,161,-63,132,28,-276,-911,-192,-490,-222,-278,85,456,-516,68,300,-60,2
-56,102,83,245,19576,49,243,-89,76,-294,155,-123,-331,-128,18,-34,-340,-31,-357,-33,34,399,594,1357,-55,-399,-581,35381,21982,27426,25068,28248,27359,1160,723,3057,-36,627,1360,1418,5,507,526,-395,154,154,-213,223,663,-174,-93,17,133,412,229,-449,-41,885,-33,4042,-31,129,-697,750,25,-46,358,-375,-635,-108,191,29,32343,-114,25,-4,7,-257,-74,-1022,63,-82,-64,-567,523,-60,190,71,-507,-1799,-294,-447,-239,-552,192,788,-918,-1,317,-137,2
-522,119,30,489,12817,192,634,-132,-18,-81,234,-356,-65,-188,-133,-8,-969,-48,-231,-152,50,263,782,2015,-135,-613,-580,35767,22196,30385,26225,29720,30101,655,-66,1080,229,1043,1926,1509,-211,652,609,-200,188,-127,-339,255,674,-398,-336,92,-42,653,121,-746,-22,-407,-1,4558,-24,-27,164,1029,182,-887,874,-818,-968,0,388,137,35638,-156,-24,72,90,-429,3,-1976,102,-51,-166,-713,921,-130,321,199,-1034,-406,-517,-501,1297,-1235,643,2182,-1594,55,1238,-301,2
-115,9,102,374,28131,132,321,-81,-25,-39,18,-102,-214,-145,-280,-99,-296,60,-373,-89,3,-286,287,710,-180,-508,-440,40630,25489,35128,28637,35378,32798,426,-36,962,320,3060,851,2205,9,259,658,-662,-60,111,-245,194,1499,-389,-152,-40,-254,814,176,-708,-16,-399,-77,5055,77,112,-246,1385,231,58,604,-434,-1226,-91,130,8,37594,-449,97,3,18,164,-48,-1526,137,-452,-239,-890,1206,-51,322,-96,-961,-2126,-697,-399,768,-414,178,1970,-1624,-804,811,-185,2
-231,74,-15,681,13201,117,567,-153,35,-386,256,-153,-129,-22,-156,24,-589,15,-235,-50,157,508,1095,2763,-23,-536,-512,33506,20442,25059,20796,24373,27103,1495,2400,9894,78,711,1278,1058,151,757,629,-476,223,-76,-154,152,922,-238,-184,-60,-179,483,-261,-502,-36,3977,-32,3638,-110,549,-896,863,-87,-967,419,-495,-934,66,406,-17,29430,-178,-11,38,-79,-355,6,-1130,94,71,-192,-295,603,-136,643,10,-632,-1953,-318,-602,45,-794,274,803,-957,123,1476,-308,2
-196,-3,-154,183,15404,266,465,-265,84,-435,1,-245,-186,-44,-66,-127,-653,12,-582,-56,338,599,831,1549,136,-571,-568,34303,21416,28020,25153,27456,27405,2692,1291,4164,532,115,2072,1754,-644,526,678,-304,398,-61,-278,279,762,-154,-324,-25,175,705,189,-516,149,997,-106,5092,100,325,-164,936,208,-654,850,-695,-1638,-45,77,34,30749,-122,93,114,-128,-925,-42,-1311,129,-281,39,551,670,-142,485,75,-1046,-3625,-420,-508,318,-507,288,1817,-1202,81,486,-214,2
-189,102,25,406,20865,99,273,-242,-167,-532,143,-198,-96,-52,-139,-4,-922,12,-307,-72,157,41,326,595,128,-655,-576,45205,27838,36264,30507,36662,35632,781,158,876,80,2803,1259,1459,-305,509,436,-59,616,-63,85,275,872,-279,-156,-15,84,561,127,-501,-98,651,-91,5927,-58,289,-65,1202,7,-355,512,-387,-398,-109,275,145,33996,-280,34,36,-52,-460,-31,-1570,180,-201,-116,174,1007,-59,499,69,-1451,-2549,-373,-889,110,-835,190,313,-1691,-72,1232,-296,2
-69,6,146,438,26238,169,697,-242,70,-506,273,-213,-100,61,39,8,-632,162,-255,-41,183,1098,1198,1607,782,-365,-236,36967,24380,34838,32848,37733,37095,564,243,1346,745,3037,473,2177,-374,251,249,-356,-165,43,-204,289,1171,-170,-246,-78,-275,692,242,-1446,-302,168,0,6179,-55,-372,-699,827,312,307,1076,-970,-2340,-127,-388,88,38042,-20,-181,-95,-84,-967,-201,-1161,14,-901,58,-2863,949,-127,311,-36,96,-2372,-644,-844,1445,-1633,32,550,-3639,496,1752,-624,2
-455,201,17,171,18003,181,386,-179,112,-245,237,-332,-299,-87,-149,74,-1530,178,-568,43,383,539,470,1029,1376,41,-476,36798,21733,29758,25432,24594,28525,937,401,1735,1763,3206,1207,3163,-514,500,612,-348,403,-56,37,189,1205,-257,-278,23,78,638,170,-584,-183,-486,-115,4654,-7,-41,-1664,687,-56,-1244,993,-773,-2314,-5,445,53,33166,3,115,96,259,-501,164,-1922,249,-435,-175,-849,732,-16,695,80,-1217,-4724,-595,-909,1107,-965,307,1956,-2122,-337,551,-234,2
-146,144,63,380,21192,152,691,-394,-35,-457,172,-243,-185,33,84,127,-628,29,-838,-100,2920,6972,7481,12575,194,-1698,-755,39559,23888,30982,24253,28658,31415,2962,2243,6841,446,521,834,1579,-783,365,-49,-796,14,35,-486,655,1286,-327,-875,-13,82,988,-387,-1281,287,1240,-320,4514,-219,-835,-2701,776,167,-1489,902,-1194,-2568,-282,-30,-46,34358,-170,-62,-68,384,-1763,-105,-1019,57,-331,17,-2299,577,-275,410,-60,-1017,-2934,-947,-913,49,-1676,172,-159,-2128,132,341,-692,2
-196,205,58,167,15538,28,357,-48,0,-173,68,-145,-77,127,26,-70,-235,-18,-198,-75,830,2003,2241,2687,-9,-196,-187,36186,24764,30588,28163,29503,30430,1356,813,2784,202,150,36,954,5,25,175,-283,398,-13,56,236,542,-112,-166,-34,-39,181,-71,-325,-178,-98,-108,1870,-20,245,-172,259,77,-464,353,-343,-651,-63,134,-3,35323,-113,-34,-34,-59,-155,-21,-20,132,-354,-24,33,768,-115,127,32,-2,-1391,-184,-186,-188,-791,130,1155,-637,-283,786,-196,2
-184,103,35,33,19247,204,638,-617,-19,-499,240,-269,-188,-251,140,-141,-954,-28,-603,-80,571,1174,881,2570,-150,-621,-1085,32267,21164,23729,21314,22991,27298,1323,999,4336,32,929,130,1898,131,641,797,-255,319,-82,-389,280,680,-362,-163,-40,283,980,-325,-429,210,611,-114,6902,1,233,-3695,1430,45,-772,852,-467,-977,-71,628,100,30862,-164,67,-9,-37,33,-43,-591,205,-118,-64,-1563,1431,-52,628,94,-977,-1200,-335,-640,252,-531,35,1266,-1836,32,688,-331,2
-71,6,122,270,19983,38,514,-246,66,-466,236,-321,-233,114,85,40,-665,87,-224,-33,338,853,1394,2050,327,-737,-661,41527,25788,30196,27367,29109,31397,782,291,783,228,3178,2278,2009,-1076,250,26,-476,367,35,-388,400,868,-332,-400,-31,210,385,6,-1069,-207,2825,-139,5250,-200,186,-413,1217,12,-1739,942,-1037,-2216,-282,-336,51,31108,-248,-16,-23,-60,-955,-6,-1094,155,-648,-4,-1804,581,-171,237,173,-1295,-4615,-1130,-815,331,-1441,280,-50,-2247,265,2381,-640,2
